query_id,query_text,language_label,semantic_type,relevant_passage_ids,retrieval_sources,split
Q_001,Pwede bang kasuhan ang seller kung walang binigay na resibo sa Shopee/Lazada order?,Tagalog,Case-Law,[],{},test
Q_002,Ano ang gagawin kapag na-scam ako sa Facebook Marketplace?,Tagalog,Definitional,"['PASSAGE_26220', 'PASSAGE_08841', 'PASSAGE_17646']","{'PASSAGE_26220': ['bge_m3'], 'PASSAGE_08841': ['bge_m3'], 'PASSAGE_17646': ['bge_m3']}",train
Q_003,Pwede bang i-report ang rider kung hindi niya dinedeliver pero marked as delivered?,Other,Case-Law,"['PASSAGE_18164', 'PASSAGE_18171']","{'PASSAGE_18164': ['bge_m3'], 'PASSAGE_18171': ['bge_m3']}",train
Q_004,What if someone used my GCash number to receive scam money?,English,Case-Law,"['PASSAGE_17646', 'PASSAGE_12299', 'PASSAGE_02241', 'PASSAGE_02240', 'PASSAGE_17635', 'PASSAGE_21529', 'PASSAGE_17310']","{'PASSAGE_17646': ['msbert'], 'PASSAGE_12299': ['bge_m3'], 'PASSAGE_02241': ['msbert'], 'PASSAGE_02240': ['bge_m3'], 'PASSAGE_17635': ['msbert'], 'PASSAGE_21529': ['bge_m3'], 'PASSAGE_17310': ['msbert']}",train
Q_005,Pwede bang kasuhan ang kapitbahay na nag-video sa loob ng bahay namin without permission?,Tagalog,Case-Law,['PASSAGE_12551'],{'PASSAGE_12551': ['bge_m3']},train
Q_006,Ano ang gagawin kapag may nag-post ng fake hiring job na nanghihingi ng placement fee?,Tagalog,Definitional,"['PASSAGE_08161', 'PASSAGE_26203', 'PASSAGE_26198', 'PASSAGE_05547', 'PASSAGE_05546']","{'PASSAGE_08161': ['bge_m3'], 'PASSAGE_26203': ['msbert'], 'PASSAGE_26198': ['bge_m3'], 'PASSAGE_05547': ['bge_m3'], 'PASSAGE_05546': ['bge_m3']}",train
Q_007,Pwede bang magreklamo kung hindi binibigay ng employer ang 13th month pay?,Tagalog,Procedural,"['PASSAGE_23364', 'PASSAGE_23366', 'PASSAGE_23362', 'PASSAGE_17474', 'PASSAGE_23363']","{'PASSAGE_23364': ['bge_m3'], 'PASSAGE_23366': ['msbert'], 'PASSAGE_23362': ['bge_m3'], 'PASSAGE_17474': ['bge_m3'], 'PASSAGE_23363': ['bge_m3']}",test
Q_008,What if company keeps delaying SSS contribution posting?,English,Case-Law,"['PASSAGE_17030', 'PASSAGE_17032']","{'PASSAGE_17030': ['msbert', 'bge_m3'], 'PASSAGE_17032': ['bge_m3']}",train
Q_009,Pwede bang idemanda ang landlord na biglang nagtaas ng rent without agreement?,Tagalog,Case-Law,"['PASSAGE_25951', 'PASSAGE_04246', 'PASSAGE_04245', 'PASSAGE_25952', 'PASSAGE_04254']","{'PASSAGE_25951': ['msbert'], 'PASSAGE_04246': ['bge_m3'], 'PASSAGE_04245': ['bge_m3'], 'PASSAGE_25952': ['msbert'], 'PASSAGE_04254': ['bge_m3']}",train
Q_010,Ano ang rights ko kapag pinapalayas ako ng landlord nang walang notice?,Tagalog,Definitional,"['PASSAGE_14292', 'PASSAGE_04252', 'PASSAGE_04253']","{'PASSAGE_14292': ['bge_m3'], 'PASSAGE_04252': ['bge_m3'], 'PASSAGE_04253': ['bge_m3']}",train
Q_011,Pwede bang kasuhan ang taong nag-post ng fake scandal tungkol sa akin sa FB?,Tagalog,Case-Law,"['PASSAGE_13077', 'PASSAGE_12551', 'PASSAGE_13076']","{'PASSAGE_13077': ['bge_m3'], 'PASSAGE_12551': ['bge_m3'], 'PASSAGE_13076': ['legal_bert']}",train
Q_012,What if someone is using my photos to scam other people online?,English,Case-Law,"['PASSAGE_11104', 'PASSAGE_26517', 'PASSAGE_11103', 'PASSAGE_17646', 'PASSAGE_11102', 'PASSAGE_12551']","{'PASSAGE_11104': ['bge_m3'], 'PASSAGE_26517': ['legal_bert', 'bge_m3'], 'PASSAGE_11103': ['bge_m3'], 'PASSAGE_17646': ['msbert'], 'PASSAGE_11102': ['bge_m3'], 'PASSAGE_12551': ['msbert', 'bge_m3']}",train
Q_013,Pwede bang idemanda ang ex na naglalabas ng private chat screenshots?,Code-Switched,Case-Law,"['PASSAGE_12551', 'PASSAGE_03566']","{'PASSAGE_12551': ['bge_m3'], 'PASSAGE_03566': ['bge_m3']}",test
Q_014,Ano ang legal remedy kapag may taong naninira ng business via fake reviews?,Tagalog,Definitional,['PASSAGE_09164'],{'PASSAGE_09164': ['msbert']},train
Q_015,Pwede bang kasuhan ang kapitbahay na sinira ang CCTV camera ko?,Tagalog,Case-Law,['PASSAGE_24889'],{'PASSAGE_24889': ['bge_m3']},train
Q_016,What happens if someone refuses to return borrowed phone or laptop?,English,Case-Law,"['PASSAGE_05639', 'PASSAGE_05640', 'PASSAGE_15097']","{'PASSAGE_05639': ['msbert'], 'PASSAGE_05640': ['bge_m3'], 'PASSAGE_15097': ['bge_m3']}",train
Q_017,Pwede bang magreklamo kung pinipilit akong magbayad ng utang na hindi ko inutang?,Tagalog,Procedural,[],{},test
Q_018,Ano ang rights ng student kapag pinahiya siya publicly ng teacher?,Tagalog,Definitional,"['PASSAGE_14518', 'PASSAGE_03576', 'PASSAGE_03577', 'PASSAGE_03574']","{'PASSAGE_14518': ['bge_m3'], 'PASSAGE_03576': ['bge_m3'], 'PASSAGE_03577': ['bge_m3'], 'PASSAGE_03574': ['bge_m3']}",test
Q_019,Pwede bang kasuhan ang employer na pinilit akong mag-resign?,Tagalog,Case-Law,"['PASSAGE_17817', 'PASSAGE_09976', 'PASSAGE_13795', 'PASSAGE_15395']","{'PASSAGE_17817': ['bge_m3'], 'PASSAGE_09976': ['bge_m3'], 'PASSAGE_13795': ['bge_m3'], 'PASSAGE_15395': ['bge_m3']}",train
Q_020,What if I was terminated through Messenger without hearing?,English,Case-Law,"['PASSAGE_12460', 'PASSAGE_16107', 'PASSAGE_12459', 'PASSAGE_05937', 'PASSAGE_17818', 'PASSAGE_14878', 'PASSAGE_16106']","{'PASSAGE_12460': ['msbert'], 'PASSAGE_16107': ['bge_m3'], 'PASSAGE_12459': ['msbert'], 'PASSAGE_05937': ['bge_m3'], 'PASSAGE_17818': ['bge_m3'], 'PASSAGE_14878': ['msbert'], 'PASSAGE_16106': ['bge_m3']}",test
Q_021,Pwede bang gamitin ang screenshot ng Messenger convo as proof sa kaso?,Code-Switched,Case-Law,"['PASSAGE_12460', 'PASSAGE_17953', 'PASSAGE_12459']","{'PASSAGE_12460': ['msbert'], 'PASSAGE_17953': ['bge_m3'], 'PASSAGE_12459': ['msbert', 'bge_m3']}",train
Q_022,Ano ang legal effect ng edited screenshots sa legal complaint?,English,Definitional,[],{},train
Q_023,Pwede bang idemanda ang taong nag-hack ng Facebook ko at nag-message sa iba?,Tagalog,Case-Law,"['PASSAGE_02241', 'PASSAGE_13117', 'PASSAGE_13081']","{'PASSAGE_02241': ['bge_m3'], 'PASSAGE_13117': ['bge_m3'], 'PASSAGE_13081': ['bge_m3']}",train
Q_024,What if someone opened a loan under my name without permission?,English,Case-Law,"['PASSAGE_26517', 'PASSAGE_13341', 'PASSAGE_13024', 'PASSAGE_20845', 'PASSAGE_25981', 'PASSAGE_13030']","{'PASSAGE_26517': ['legal_bert'], 'PASSAGE_13341': ['msbert'], 'PASSAGE_13024': ['legal_bert'], 'PASSAGE_20845': ['msbert'], 'PASSAGE_25981': ['legal_bert'], 'PASSAGE_13030': ['legal_bert']}",train
Q_025,Pwede bang kasuhan ang taong nag-post ng fake obituary tungkol sa akin?,Tagalog,Case-Law,[],{},train
Q_026,Pwede bang i-dismiss ang case dahil edited ang evidence?,English,Case-Law,['PASSAGE_24268'],{'PASSAGE_24268': ['msbert']},train
Q_027,Pwede bang idemanda ang online seller na hindi nagpapadala ng item after payment?,Tagalog,Case-Law,"['PASSAGE_18715', 'PASSAGE_26284', 'PASSAGE_18744']","{'PASSAGE_18715': ['bge_m3'], 'PASSAGE_26284': ['msbert'], 'PASSAGE_18744': ['bge_m3']}",train
Q_028,What if courier marked item delivered pero wala akong nareceive?,English,Case-Law,"['PASSAGE_18171', 'PASSAGE_18168', 'PASSAGE_18160']","{'PASSAGE_18171': ['msbert', 'bge_m3'], 'PASSAGE_18168': ['bge_m3'], 'PASSAGE_18160': ['msbert']}",test
Q_029,Ano ang legal action sa AI-generated fake content using my face?,English,Definitional,"['PASSAGE_12551', 'PASSAGE_26524']","{'PASSAGE_12551': ['bge_m3'], 'PASSAGE_26524': ['bge_m3']}",train
Q_030,Ano ang gagawin kapag may kapitbahay na laging nag-iingay kahit paulit-ulit pinagsasabihan?,Tagalog,Definitional,[],{},train
Q_031,Pwede bang idemanda ang taong nag-spread ng fake rumor sa workplace chat?,Tagalog,Case-Law,"['PASSAGE_16953', 'PASSAGE_09243', 'PASSAGE_13076']","{'PASSAGE_16953': ['msbert'], 'PASSAGE_09243': ['msbert'], 'PASSAGE_13076': ['legal_bert']}",train
Q_032,What if coworker is sabotaging my job by spreading lies?,English,Case-Law,"['PASSAGE_14276', 'PASSAGE_24222', 'PASSAGE_00814', 'PASSAGE_05671', 'PASSAGE_16949', 'PASSAGE_17060', 'PASSAGE_26517', 'PASSAGE_23906']","{'PASSAGE_14276': ['msbert'], 'PASSAGE_24222': ['bge_m3'], 'PASSAGE_00814': ['msbert'], 'PASSAGE_05671': ['bge_m3'], 'PASSAGE_16949': ['msbert'], 'PASSAGE_17060': ['bge_m3'], 'PASSAGE_26517': ['legal_bert'], 'PASSAGE_23906': ['msbert']}",train
Q_033,Pwede bang kasuhan ang taong nag-fake account para mangutang sa pangalan ko?,Tagalog,Case-Law,"['PASSAGE_12307', 'PASSAGE_12299', 'PASSAGE_12298', 'PASSAGE_22528']","{'PASSAGE_12307': ['bge_m3'], 'PASSAGE_12299': ['bge_m3'], 'PASSAGE_12298': ['bge_m3'], 'PASSAGE_22528': ['bge_m3']}",test
Q_034,Ano ang legal process kapag na-hack ang Gmail account ko?,Tagalog,Definitional,['PASSAGE_02241'],"{'PASSAGE_02241': ['msbert', 'bge_m3']}",train
Q_035,Pwede bang idemanda ang taong nag-post ng defamatory TikTok video about me?,Tagalog,Case-Law,"['PASSAGE_13077', 'PASSAGE_13075', 'PASSAGE_13081']","{'PASSAGE_13077': ['bge_m3'], 'PASSAGE_13075': ['bge_m3'], 'PASSAGE_13081': ['bge_m3']}",train
Q_036,What if someone refuses to return rental deposit after I move out?,English,Case-Law,[],{},train
Q_037,Pwede bang kasuhan ang nagkakalat ng edited screenshots sa group chat?,Tagalog,Case-Law,"['PASSAGE_12551', 'PASSAGE_03566', 'PASSAGE_26518']","{'PASSAGE_12551': ['bge_m3'], 'PASSAGE_03566': ['bge_m3'], 'PASSAGE_26518': ['bge_m3']}",train
Q_038,Ano ang gagawin kapag may co-owner na nagbebenta ng shared property without consent?,Tagalog,Definitional,"['PASSAGE_13041', 'PASSAGE_13042', 'PASSAGE_24349', 'PASSAGE_24345', 'PASSAGE_06708']","{'PASSAGE_13041': ['msbert', 'bge_m3'], 'PASSAGE_13042': ['bge_m3'], 'PASSAGE_24349': ['msbert', 'bge_m3'], 'PASSAGE_24345': ['bge_m3'], 'PASSAGE_06708': ['msbert']}",train
Q_039,Pwede bang idemanda ang taong nanira ng motor ko dahil sa away?,Tagalog,Case-Law,"['PASSAGE_15467', 'PASSAGE_13355']","{'PASSAGE_15467': ['bge_m3'], 'PASSAGE_13355': ['bge_m3']}",train
Q_040,What if someone damaged my parked car intentionally?,English,Case-Law,"['PASSAGE_24886', 'PASSAGE_24889']","{'PASSAGE_24886': ['msbert'], 'PASSAGE_24889': ['bge_m3']}",train
Q_041,Pwede bang magreklamo kapag may unauthorized salary deduction?,Code-Switched,Procedural,"['PASSAGE_23562', 'PASSAGE_23566', 'PASSAGE_17813', 'PASSAGE_14419']","{'PASSAGE_23562': ['bge_m3'], 'PASSAGE_23566': ['bge_m3'], 'PASSAGE_17813': ['msbert'], 'PASSAGE_14419': ['msbert']}",train
Q_042,Ano ang rights ko kapag hindi binigay ang final pay after resignation?,Tagalog,Definitional,['PASSAGE_01879'],{'PASSAGE_01879': ['msbert']},train
Q_043,Pwede bang kasuhan ang recruiter na nang-scam sa job application fee?,Code-Switched,Case-Law,"['PASSAGE_08162', 'PASSAGE_05546', 'PASSAGE_08161', 'PASSAGE_14613', 'PASSAGE_04549', 'PASSAGE_26218']","{'PASSAGE_08162': ['bge_m3'], 'PASSAGE_05546': ['bge_m3'], 'PASSAGE_08161': ['bge_m3'], 'PASSAGE_14613': ['msbert'], 'PASSAGE_04549': ['msbert'], 'PASSAGE_26218': ['bge_m3']}",train
Q_044,What if OFW applicant was scammed by illegal recruiter?,English,Case-Law,"['PASSAGE_04558', 'PASSAGE_05544', 'PASSAGE_26198', 'PASSAGE_26203', 'PASSAGE_05546', 'PASSAGE_26205', 'PASSAGE_08162', 'PASSAGE_26225', 'PASSAGE_26219', 'PASSAGE_28860']","{'PASSAGE_04558': ['msbert', 'bge_m3'], 'PASSAGE_05544': ['bge_m3'], 'PASSAGE_26198': ['legal_bert'], 'PASSAGE_26203': ['legal_bert', 'msbert'], 'PASSAGE_05546': ['bge_m3'], 'PASSAGE_26205': ['msbert'], 'PASSAGE_08162': ['bge_m3'], 'PASSAGE_26225': ['msbert'], 'PASSAGE_26219': ['bge_m3'], 'PASSAGE_28860': ['msbert']}",test
Q_045,Pwede bang idemanda ang taong nagbanta sa chat na sasaktan ako?,Tagalog,Case-Law,"['PASSAGE_27670', 'PASSAGE_03566']","{'PASSAGE_27670': ['msbert'], 'PASSAGE_03566': ['bge_m3']}",test
Q_046,Ano ang gagawin kapag may stalking via Messenger or Instagram?,Tagalog,Definitional,"['PASSAGE_27580', 'PASSAGE_03553', 'PASSAGE_03564', 'PASSAGE_27579']","{'PASSAGE_27580': ['msbert'], 'PASSAGE_03553': ['bge_m3'], 'PASSAGE_03564': ['bge_m3'], 'PASSAGE_27579': ['bge_m3']}",train
Q_047,Pwede bang kasuhan ang ex na nag-leak ng private photos?,Tagalog,Case-Law,"['PASSAGE_27580', 'PASSAGE_12551', 'PASSAGE_21566', 'PASSAGE_27589', 'PASSAGE_24180']","{'PASSAGE_27580': ['msbert'], 'PASSAGE_12551': ['msbert', 'bge_m3'], 'PASSAGE_21566': ['bge_m3'], 'PASSAGE_27589': ['msbert'], 'PASSAGE_24180': ['bge_m3']}",train
Q_048,What if someone threatens to leak my personal videos online?,English,Case-Law,"['PASSAGE_12551', 'PASSAGE_27589', 'PASSAGE_12546', 'PASSAGE_03566', 'PASSAGE_27579', 'PASSAGE_12547']","{'PASSAGE_12551': ['msbert', 'bge_m3'], 'PASSAGE_27589': ['msbert'], 'PASSAGE_12546': ['msbert', 'bge_m3'], 'PASSAGE_03566': ['bge_m3'], 'PASSAGE_27579': ['msbert'], 'PASSAGE_12547': ['bge_m3']}",train
Q_049,Pwede bang idemanda ang taong nag-post ng fake ownership claim sa lupa?,Tagalog,Case-Law,"['PASSAGE_05203', 'PASSAGE_05185']","{'PASSAGE_05203': ['msbert'], 'PASSAGE_05185': ['bge_m3']}",train
Q_050,Ano ang legal remedy kapag may double sale ng property?,Tagalog,Definitional,"['PASSAGE_26943', 'PASSAGE_10245', 'PASSAGE_05203']","{'PASSAGE_26943': ['msbert'], 'PASSAGE_10245': ['bge_m3'], 'PASSAGE_05203': ['msbert']}",train
Q_051,Pwede bang kasuhan ang taong pumasok sa bahay namin nang walang permission?,Tagalog,Case-Law,"['PASSAGE_27363', 'PASSAGE_27361', 'PASSAGE_27365']","{'PASSAGE_27363': ['bge_m3'], 'PASSAGE_27361': ['bge_m3'], 'PASSAGE_27365': ['bge_m3']}",test
Q_052,What if someone trespasses inside a rented apartment unit?,English,Case-Law,"['PASSAGE_25951', 'PASSAGE_27420', 'PASSAGE_27421', 'PASSAGE_05616', 'PASSAGE_14292']","{'PASSAGE_25951': ['msbert', 'bge_m3'], 'PASSAGE_27420': ['bge_m3'], 'PASSAGE_27421': ['legal_bert'], 'PASSAGE_05616': ['bge_m3'], 'PASSAGE_14292': ['bge_m3']}",train
Q_053,Pwede bang idemanda ang taong hindi nagbalik ng hiniram na pera kahit may chat proof?,Tagalog,Case-Law,"['PASSAGE_22527', 'PASSAGE_10338', 'PASSAGE_27399', 'PASSAGE_10200']","{'PASSAGE_22527': ['bge_m3'], 'PASSAGE_10338': ['bge_m3'], 'PASSAGE_27399': ['bge_m3'], 'PASSAGE_10200': ['bge_m3']}",train
Q_054,Ano ang gagawin kapag may scam seller sa TikTok shop?,Tagalog,Definitional,['PASSAGE_03909'],{'PASSAGE_03909': ['bge_m3']},train
Q_055,Pwede bang magreklamo sa DTI kapag defective ang product at ayaw i-refund?,Tagalog,Procedural,"['PASSAGE_03909', 'PASSAGE_03910']","{'PASSAGE_03909': ['bge_m3'], 'PASSAGE_03910': ['bge_m3']}",train
Q_056,What if someone impersonates me in online transactions to scam others?,English,Case-Law,"['PASSAGE_17646', 'PASSAGE_26220', 'PASSAGE_02241', 'PASSAGE_11104', 'PASSAGE_12642', 'PASSAGE_04559', 'PASSAGE_08837', 'PASSAGE_08836', 'PASSAGE_17645']","{'PASSAGE_17646': ['msbert'], 'PASSAGE_26220': ['msbert', 'bge_m3'], 'PASSAGE_02241': ['msbert'], 'PASSAGE_11104': ['bge_m3'], 'PASSAGE_12642': ['legal_bert'], 'PASSAGE_04559': ['bge_m3'], 'PASSAGE_08837': ['msbert'], 'PASSAGE_08836': ['bge_m3'], 'PASSAGE_17645': ['msbert']}",train
Q_057,Pwede bang idemanda ang taong nag-post ng fake accusation sa school group chat?,Code-Switched,Case-Law,"['PASSAGE_13084', 'PASSAGE_13081', 'PASSAGE_13077']","{'PASSAGE_13084': ['bge_m3'], 'PASSAGE_13081': ['bge_m3'], 'PASSAGE_13077': ['bge_m3']}",train
Q_058,Ano ang legal action kapag may harassment sa workplace messenger?,Tagalog,Definitional,"['PASSAGE_03568', 'PASSAGE_03569']","{'PASSAGE_03568': ['msbert', 'bge_m3'], 'PASSAGE_03569': ['bge_m3']}",train
Q_059,Pwede bang kasuhan ang taong sinisira ang reputation ng small business online?,Tagalog,Case-Law,"['PASSAGE_13117', 'PASSAGE_13081', 'PASSAGE_13079', 'PASSAGE_13075']","{'PASSAGE_13117': ['bge_m3'], 'PASSAGE_13081': ['bge_m3'], 'PASSAGE_13079': ['bge_m3'], 'PASSAGE_13075': ['bge_m3']}",train
Q_060,What if someone keeps sending threatening messages despite blocking?,English,Case-Law,"['PASSAGE_07545', 'PASSAGE_12459', 'PASSAGE_06631', 'PASSAGE_12460']","{'PASSAGE_07545': ['msbert'], 'PASSAGE_12459': ['msbert'], 'PASSAGE_06631': ['msbert'], 'PASSAGE_12460': ['msbert']}",train
Q_061,Ano ang legal meaning ng “case dismissed”?,Tagalog,Definitional,"['PASSAGE_21759', 'PASSAGE_06749', 'PASSAGE_04407', 'PASSAGE_16341', 'PASSAGE_27024']","{'PASSAGE_21759': ['msbert'], 'PASSAGE_06749': ['bge_m3'], 'PASSAGE_04407': ['bge_m3'], 'PASSAGE_16341': ['msbert'], 'PASSAGE_27024': ['bge_m3']}",train
Q_062,Pwede ba ako magreklamo kapag nawala ang gamit ko sa school?,Tagalog,Procedural,"['PASSAGE_03574', 'PASSAGE_03573', 'PASSAGE_20963']","{'PASSAGE_03574': ['bge_m3'], 'PASSAGE_03573': ['bge_m3'], 'PASSAGE_20963': ['bge_m3']}",train
Q_063,Ano mangyayari kapag may umutang tapos di nagbayad?,Tagalog,Case-Law,"['PASSAGE_11167', 'PASSAGE_15542', 'PASSAGE_24429', 'PASSAGE_08932']","{'PASSAGE_11167': ['bge_m3'], 'PASSAGE_15542': ['bge_m3'], 'PASSAGE_24429': ['bge_m3'], 'PASSAGE_08932': ['bge_m3']}",train
Q_064,Legal ba mag-record ng usapan sa phone?,Tagalog,Case-Law,"['PASSAGE_25118', 'PASSAGE_25151', 'PASSAGE_25196']","{'PASSAGE_25118': ['bge_m3'], 'PASSAGE_25151': ['bge_m3'], 'PASSAGE_25196': ['bge_m3']}",test
Q_065,Ano ang gagawin kapag may nagnakaw ng cellphone ko?,Tagalog,Definitional,"['PASSAGE_16807', 'PASSAGE_11770']","{'PASSAGE_16807': ['bge_m3'], 'PASSAGE_11770': ['bge_m3']}",train
Q_066,Pwede ba kasuhan ang kapitbahay dahil sa sobrang ingay?,Tagalog,Case-Law,['PASSAGE_14852'],{'PASSAGE_14852': ['bge_m3']},train
Q_067,Ano ang rights ko kapag pinapagalitan ako ng boss ko?,Tagalog,Definitional,"['PASSAGE_24230', 'PASSAGE_08188', 'PASSAGE_15395']","{'PASSAGE_24230': ['bge_m3'], 'PASSAGE_08188': ['bge_m3'], 'PASSAGE_15395': ['bge_m3']}",train
Q_068,Pwede ba ako tanggalin sa trabaho bigla?,Tagalog,Case-Law,"['PASSAGE_10510', 'PASSAGE_09970', 'PASSAGE_24229', 'PASSAGE_14691', 'PASSAGE_13795', 'PASSAGE_09976']","{'PASSAGE_10510': ['bge_m3'], 'PASSAGE_09970': ['msbert'], 'PASSAGE_24229': ['bge_m3'], 'PASSAGE_14691': ['msbert'], 'PASSAGE_13795': ['bge_m3'], 'PASSAGE_09976': ['bge_m3']}",test
Q_069,Ano ang ibig sabihin ng affidavit?,Tagalog,Definitional,"['PASSAGE_15431', 'PASSAGE_06431', 'PASSAGE_07923', 'PASSAGE_11687', 'PASSAGE_17490', 'PASSAGE_27669']","{'PASSAGE_15431': ['msbert', 'bge_m3'], 'PASSAGE_06431': ['bge_m3'], 'PASSAGE_07923': ['bge_m3'], 'PASSAGE_11687': ['legal_bert'], 'PASSAGE_17490': ['bge_m3'], 'PASSAGE_27669': ['legal_bert']}",test
Q_070,Pwede ba mag-file ng kaso kahit walang abogado?,Tagalog,Procedural,"['PASSAGE_12226', 'PASSAGE_05566']","{'PASSAGE_12226': ['bge_m3'], 'PASSAGE_05566': ['bge_m3']}",train
Q_071,Ano ang dapat gawin kapag may nanakit sa akin?,Tagalog,Definitional,"['PASSAGE_27670', 'PASSAGE_05509']","{'PASSAGE_27670': ['msbert'], 'PASSAGE_05509': ['bge_m3']}",test
Q_072,Legal ba ang pananakot sa chat?,Tagalog,Case-Law,['PASSAGE_03565'],{'PASSAGE_03565': ['bge_m3']},train
Q_073,Pwede ba magpa-barangay muna bago magdemanda?,Tagalog,Case-Law,[],{},train
Q_074,Ano ang gagawin kapag ayaw ibalik ang hiniram kong gamit?,Tagalog,Definitional,[],{},train
Q_075,Pwede ba ako kasuhan kung nag-post ako ng maling info?,Tagalog,Case-Law,"['PASSAGE_09579', 'PASSAGE_09580', 'PASSAGE_12548', 'PASSAGE_00814']","{'PASSAGE_09579': ['bge_m3'], 'PASSAGE_09580': ['bge_m3'], 'PASSAGE_12548': ['bge_m3'], 'PASSAGE_00814': ['bge_m3']}",train
Q_076,Ano ang ibig sabihin ng “no contact order”?,Tagalog,Definitional,[],{},train
Q_077,Pwede ba ako habulin sa utang kahit verbal lang?,Tagalog,Case-Law,[],{},test
Q_078,Ano ang mangyayari kapag hindi ako sumipot sa hearing?,Tagalog,Definitional,"['PASSAGE_03982', 'PASSAGE_12044', 'PASSAGE_16621']","{'PASSAGE_03982': ['bge_m3'], 'PASSAGE_12044': ['bge_m3'], 'PASSAGE_16621': ['bge_m3']}",train
Q_079,Legal ba ang pambabatikos sa Facebook?,Tagalog,Case-Law,"['PASSAGE_13117', 'PASSAGE_13091', 'PASSAGE_13084']","{'PASSAGE_13117': ['bge_m3'], 'PASSAGE_13091': ['bge_m3'], 'PASSAGE_13084': ['bge_m3']}",test
Q_080,Pwede ba ako magreklamo kapag late palagi ang sahod?,Tagalog,Procedural,"['PASSAGE_14870', 'PASSAGE_16774', 'PASSAGE_13738']","{'PASSAGE_14870': ['bge_m3'], 'PASSAGE_16774': ['legal_bert', 'msbert'], 'PASSAGE_13738': ['bge_m3']}",test
Q_081,"Kapag hindi nagbayad ng utang ang friend ko, pwede ba akong mag-file ng kaso?",Tagalog,Procedural,"['PASSAGE_16825', 'PASSAGE_10102', 'PASSAGE_18265', 'PASSAGE_09146']","{'PASSAGE_16825': ['bge_m3'], 'PASSAGE_10102': ['bge_m3'], 'PASSAGE_18265': ['bge_m3'], 'PASSAGE_09146': ['bge_m3']}",train
Q_082,What happens if someone steals my bag in a jeepney?,English,Case-Law,"['PASSAGE_26026', 'PASSAGE_11770', 'PASSAGE_06365', 'PASSAGE_15710', 'PASSAGE_15712', 'PASSAGE_11773']","{'PASSAGE_26026': ['msbert'], 'PASSAGE_11770': ['bge_m3'], 'PASSAGE_06365': ['msbert'], 'PASSAGE_15710': ['bge_m3'], 'PASSAGE_15712': ['bge_m3'], 'PASSAGE_11773': ['bge_m3']}",train
Q_083,Pwede ba kasuhan ang kapitbahay ko dahil sa ingay gabi-gabi?,Tagalog,Case-Law,[],{},train
Q_084,Ano ang rights ko kapag tinanggal ako sa trabaho nang walang notice?,Tagalog,Definitional,"['PASSAGE_17818', 'PASSAGE_17479', 'PASSAGE_05937', 'PASSAGE_09979']","{'PASSAGE_17818': ['bge_m3'], 'PASSAGE_17479': ['bge_m3'], 'PASSAGE_05937': ['bge_m3'], 'PASSAGE_09979': ['bge_m3']}",train
Q_085,"Kapag hindi sinosoli ang down payment sa cancelled deal, ano ang legal remedy?",Code-Switched,Definitional,"['PASSAGE_17068', 'PASSAGE_11189', 'PASSAGE_11167', 'PASSAGE_11183']","{'PASSAGE_17068': ['msbert'], 'PASSAGE_11189': ['bge_m3'], 'PASSAGE_11167': ['bge_m3'], 'PASSAGE_11183': ['bge_m3']}",train
Q_086,Pwede ba akong kasuhan kung may nasabi akong insult online?,Tagalog,Case-Law,"['PASSAGE_13081', 'PASSAGE_13118', 'PASSAGE_13079', 'PASSAGE_13075']","{'PASSAGE_13081': ['bge_m3'], 'PASSAGE_13118': ['bge_m3'], 'PASSAGE_13079': ['bge_m3'], 'PASSAGE_13075': ['bge_m3']}",train
Q_087,Ano ang proseso kapag gusto kong ipa-barangay ang reklamo ko?,Tagalog,Definitional,[],{},train
Q_088,Legal ba ang subleasing ng apartment nang walang consent ng landlord?,Tagalog,Case-Law,['PASSAGE_04252'],{'PASSAGE_04252': ['bge_m3']},test
Q_089,"Kapag may minor na nagpakasal, valid ba yun?",Tagalog,Case-Law,"['PASSAGE_15677', 'PASSAGE_23094', 'PASSAGE_23074']","{'PASSAGE_15677': ['bge_m3'], 'PASSAGE_23094': ['bge_m3'], 'PASSAGE_23074': ['bge_m3']}",train
Q_090,Ano ang mangyayari kung may dalawang tao na nag-claim ng same property?,Tagalog,Definitional,"['PASSAGE_06328', 'PASSAGE_15297']","{'PASSAGE_06328': ['bge_m3'], 'PASSAGE_15297': ['bge_m3']}",train
Q_091,Pwede ba mag-file ng annulment kahit matagal nang hiwalay?,Tagalog,Procedural,['PASSAGE_23631'],{'PASSAGE_23631': ['bge_m3']},train
Q_092,Ano ang difference ng nullity of marriage at annulment?,English,Definitional,"['PASSAGE_23193', 'PASSAGE_23100', 'PASSAGE_22748', 'PASSAGE_08944', 'PASSAGE_09229', 'PASSAGE_24928']","{'PASSAGE_23193': ['legal_bert', 'bge_m3'], 'PASSAGE_23100': ['legal_bert'], 'PASSAGE_22748': ['msbert'], 'PASSAGE_08944': ['legal_bert'], 'PASSAGE_09229': ['bge_m3'], 'PASSAGE_24928': ['bge_m3']}",test
Q_093,"Kapag naputol ang internet service ko, pwede ba akong magreklamo sa provider?",Tagalog,Procedural,[],{},test
Q_094,What are my rights if my employer doesn’t give my final pay?,English,Case-Law,"['PASSAGE_26609', 'PASSAGE_04299', 'PASSAGE_13806']","{'PASSAGE_26609': ['msbert'], 'PASSAGE_04299': ['bge_m3'], 'PASSAGE_13806': ['msbert']}",train
Q_095,Pwede ba i-evict ang squatter agad without court order?,English,Case-Law,"['PASSAGE_19441', 'PASSAGE_08799', 'PASSAGE_17915', 'PASSAGE_18602', 'PASSAGE_19440', 'PASSAGE_04253']","{'PASSAGE_19441': ['msbert'], 'PASSAGE_08799': ['bge_m3'], 'PASSAGE_17915': ['msbert'], 'PASSAGE_18602': ['bge_m3'], 'PASSAGE_19440': ['msbert'], 'PASSAGE_04253': ['bge_m3']}",train
Q_096,Ano ang legal effect ng handwritten will?,English,Definitional,[],{},train
Q_097,"Kapag may anak kami pero hindi kasal, sino may custody?",Tagalog,Case-Law,"['PASSAGE_06971', 'PASSAGE_18328', 'PASSAGE_18327']","{'PASSAGE_06971': ['bge_m3'], 'PASSAGE_18328': ['bge_m3'], 'PASSAGE_18327': ['bge_m3']}",train
Q_098,Pwede ba ang baptismal certificate bilang proof of identity?,English,Case-Law,"['PASSAGE_07026', 'PASSAGE_11177', 'PASSAGE_11343', 'PASSAGE_11350']","{'PASSAGE_07026': ['bge_m3'], 'PASSAGE_11177': ['msbert', 'bge_m3'], 'PASSAGE_11343': ['msbert', 'bge_m3'], 'PASSAGE_11350': ['bge_m3']}",train
Q_099,Ano ang penalty sa reckless imprudence resulting in damage to property?,English,Definitional,['PASSAGE_12216'],"{'PASSAGE_12216': ['msbert', 'bge_m3']}",train
Q_100,"Kapag may pinirmahan akong contract na di ko fully naintindihan, valid pa ba yun?",Tagalog,Case-Law,"['PASSAGE_15883', 'PASSAGE_04850', 'PASSAGE_09305']","{'PASSAGE_15883': ['bge_m3'], 'PASSAGE_04850': ['bge_m3'], 'PASSAGE_09305': ['bge_m3']}",train
Q_101,"Under Philippine law, paano ina-apply ang Article 15 ng Civil Code sa legal capacity ng isang Filipino abroad?",Tagalog,Procedural,['PASSAGE_10360'],"{'PASSAGE_10360': ['msbert', 'bge_m3']}",train
Q_102,"Kapag ang isang kasal ay ginawa abroad pero hindi sinunod ang Philippine formalities, void ba agad yun?",Tagalog,Case-Law,"['PASSAGE_10349', 'PASSAGE_28904', 'PASSAGE_18378']","{'PASSAGE_10349': ['bge_m3'], 'PASSAGE_28904': ['bge_m3'], 'PASSAGE_18378': ['bge_m3']}",train
Q_103,Ano ang legal effect ng psychological incapacity sa marriage cases?,English,Definitional,"['PASSAGE_23306', 'PASSAGE_23171', 'PASSAGE_23290', 'PASSAGE_09913', 'PASSAGE_23142', 'PASSAGE_09224']","{'PASSAGE_23306': ['msbert'], 'PASSAGE_23171': ['bge_m3'], 'PASSAGE_23290': ['msbert'], 'PASSAGE_09913': ['bge_m3'], 'PASSAGE_23142': ['msbert'], 'PASSAGE_09224': ['bge_m3']}",test
Q_104,Pwede bang ma-recognize sa Pilipinas ang foreign divorce ng isang Filipino spouse?,Tagalog,Case-Law,"['PASSAGE_06965', 'PASSAGE_18378', 'PASSAGE_09552', 'PASSAGE_10349', 'PASSAGE_06968', 'PASSAGE_10344']","{'PASSAGE_06965': ['msbert'], 'PASSAGE_18378': ['msbert', 'bge_m3'], 'PASSAGE_09552': ['msbert', 'bge_m3'], 'PASSAGE_10349': ['msbert', 'bge_m3'], 'PASSAGE_06968': ['bge_m3'], 'PASSAGE_10344': ['bge_m3']}",train
Q_105,"Kapag ang property ay nasa pangalan lang ng isang asawa, paano hinahati sa separation of property?",Tagalog,Procedural,"['PASSAGE_04796', 'PASSAGE_07099']","{'PASSAGE_04796': ['bge_m3'], 'PASSAGE_07099': ['bge_m3']}",train
Q_106,Ano ang remedies kapag may forged deed of sale sa lupa?,Tagalog,Definitional,"['PASSAGE_13343', 'PASSAGE_13320', 'PASSAGE_13319']","{'PASSAGE_13343': ['bge_m3'], 'PASSAGE_13320': ['bge_m3'], 'PASSAGE_13319': ['bge_m3']}",train
Q_107,Paano pinapatunayan ang intestate succession kapag walang will?,Tagalog,Procedural,"['PASSAGE_10318', 'PASSAGE_15256', 'PASSAGE_15508']","{'PASSAGE_10318': ['bge_m3'], 'PASSAGE_15256': ['bge_m3'], 'PASSAGE_15508': ['bge_m3']}",train
Q_108,Ano ang epekto ng an omitted compulsory heir sa partition of estate?,English,Definitional,"['PASSAGE_14312', 'PASSAGE_12520', 'PASSAGE_21622', 'PASSAGE_12508']","{'PASSAGE_14312': ['msbert'], 'PASSAGE_12520': ['bge_m3'], 'PASSAGE_21622': ['bge_m3'], 'PASSAGE_12508': ['msbert', 'bge_m3']}",test
Q_109,"Pwede bang ma-set aside ang contract dahil sa mistake, fraud, or undue influence?",English,Case-Law,[],{},test
Q_110,What is the legal basis for a writ of amparo?,English,Definitional,"['PASSAGE_06408', 'PASSAGE_06409', 'PASSAGE_23992', 'PASSAGE_25588', 'PASSAGE_24001', 'PASSAGE_06413']","{'PASSAGE_06408': ['msbert', 'bge_m3'], 'PASSAGE_06409': ['msbert', 'bge_m3'], 'PASSAGE_23992': ['bge_m3'], 'PASSAGE_25588': ['legal_bert'], 'PASSAGE_24001': ['msbert'], 'PASSAGE_06413': ['bge_m3']}",train
Q_111,"Kapag ang arrest ay ginawa without a valid warrant, anong remedies ang available?",Code-Switched,Case-Law,"['PASSAGE_27215', 'PASSAGE_12003', 'PASSAGE_26584']","{'PASSAGE_27215': ['msbert'], 'PASSAGE_12003': ['msbert'], 'PASSAGE_26584': ['bge_m3']}",train
Q_112,Ano ang difference ng illegal dismissal at constructive dismissal?,Other,Definitional,"['PASSAGE_04571', 'PASSAGE_05349', 'PASSAGE_16952', 'PASSAGE_26098', 'PASSAGE_22832']","{'PASSAGE_04571': ['msbert', 'bge_m3'], 'PASSAGE_05349': ['msbert', 'bge_m3'], 'PASSAGE_16952': ['msbert', 'bge_m3'], 'PASSAGE_26098': ['bge_m3'], 'PASSAGE_22832': ['bge_m3']}",test
Q_113,"Kapag may employee na nag-resign under pressure, considered voluntary ba yun?",Code-Switched,Case-Law,"['PASSAGE_08639', 'PASSAGE_13806', 'PASSAGE_13807', 'PASSAGE_13199', 'PASSAGE_16952']","{'PASSAGE_08639': ['msbert'], 'PASSAGE_13806': ['bge_m3'], 'PASSAGE_13807': ['msbert'], 'PASSAGE_13199': ['msbert'], 'PASSAGE_16952': ['bge_m3']}",train
Q_114,Paano ina-assess ang probable cause sa filing of criminal complaints?,English,Procedural,"['PASSAGE_16598', 'PASSAGE_15433', 'PASSAGE_23782', 'PASSAGE_09419', 'PASSAGE_16597', 'PASSAGE_15435', 'PASSAGE_09093']","{'PASSAGE_16598': ['bge_m3'], 'PASSAGE_15433': ['legal_bert'], 'PASSAGE_23782': ['bge_m3'], 'PASSAGE_09419': ['legal_bert'], 'PASSAGE_16597': ['bge_m3'], 'PASSAGE_15435': ['legal_bert'], 'PASSAGE_09093': ['msbert', 'bge_m3']}",test
Q_115,Ano ang legal process kapag gusto kong magpa-kas ng child support?,Tagalog,Definitional,"['PASSAGE_14785', 'PASSAGE_15965', 'PASSAGE_14771', 'PASSAGE_14778']","{'PASSAGE_14785': ['msbert'], 'PASSAGE_15965': ['bge_m3'], 'PASSAGE_14771': ['msbert'], 'PASSAGE_14778': ['bge_m3']}",train
Q_116,"Kapag may online scam na ginawa gamit ang e-wallet, anong kaso ang possible?",Tagalog,Case-Law,"['PASSAGE_02239', 'PASSAGE_02240', 'PASSAGE_02241', 'PASSAGE_02243', 'PASSAGE_08837', 'PASSAGE_02242']","{'PASSAGE_02239': ['msbert'], 'PASSAGE_02240': ['bge_m3'], 'PASSAGE_02241': ['msbert', 'bge_m3'], 'PASSAGE_02243': ['bge_m3'], 'PASSAGE_08837': ['msbert'], 'PASSAGE_02242': ['bge_m3']}",test
Q_117,Ano ang standards para masabing defamatory ang isang social media post?,Tagalog,Definitional,"['PASSAGE_13077', 'PASSAGE_13075', 'PASSAGE_13117']","{'PASSAGE_13077': ['bge_m3'], 'PASSAGE_13075': ['bge_m3'], 'PASSAGE_13117': ['bge_m3']}",train
Q_118,Pwede bang gamitin ang CCTV footage as evidence kahit walang consent?,Code-Switched,Case-Law,['PASSAGE_12551'],"{'PASSAGE_12551': ['msbert', 'bge_m3']}",train
Q_119,Paano ina-apply ang chain of custody sa drug cases?,English,Procedural,"['PASSAGE_23835', 'PASSAGE_13531', 'PASSAGE_05113', 'PASSAGE_10456', 'PASSAGE_19986', 'PASSAGE_05683', 'PASSAGE_05121']","{'PASSAGE_23835': ['msbert', 'bge_m3'], 'PASSAGE_13531': ['bge_m3'], 'PASSAGE_05113': ['msbert'], 'PASSAGE_10456': ['bge_m3'], 'PASSAGE_19986': ['bge_m3'], 'PASSAGE_05683': ['msbert'], 'PASSAGE_05121': ['msbert']}",train
Q_120,"Kapag may overlapping claims sa ancestral land, anong legal framework ang ginagamit?",Tagalog,Case-Law,"['PASSAGE_10627', 'PASSAGE_10839', 'PASSAGE_10628']","{'PASSAGE_10627': ['bge_m3'], 'PASSAGE_10839': ['bge_m3'], 'PASSAGE_10628': ['msbert']}",train
Q_121,Ano ang parusa sa illegal logging?,Tagalog,Definitional,"['PASSAGE_24253', 'PASSAGE_00233', 'PASSAGE_09097', 'PASSAGE_24243']","{'PASSAGE_24253': ['bge_m3'], 'PASSAGE_00233': ['msbert', 'bge_m3'], 'PASSAGE_09097': ['msbert'], 'PASSAGE_24243': ['bge_m3']}",train
Q_122,Revised Penal Code article 294,English,Case-Law,[],{},train
Q_123,"Yung business namin sinisiraan online ng dating partner namin gamit fake posts and comments, anong ikakaso sa kanya at anong proof ang need?",Tagalog,Case-Law,['PASSAGE_13075'],{'PASSAGE_13075': ['bge_m3']},train
Q_124,Penalty ng qualified theft?,English,Definitional,"['PASSAGE_07620', 'PASSAGE_22705', 'PASSAGE_07621', 'PASSAGE_07618', 'PASSAGE_12635']","{'PASSAGE_07620': ['bge_m3'], 'PASSAGE_22705': ['msbert'], 'PASSAGE_07621': ['bge_m3'], 'PASSAGE_07618': ['msbert', 'bge_m3'], 'PASSAGE_12635': ['bge_m3']}",train
Q_125,Anong parusa sa mild physical injuries na gawa ng ibang tao sakin?,Tagalog,Definitional,"['PASSAGE_11674', 'PASSAGE_26160']","{'PASSAGE_11674': ['bge_m3'], 'PASSAGE_26160': ['bge_m3']}",train
Q_126,Marriage annulment law?,English,Case-Law,"['PASSAGE_22748', 'PASSAGE_22466', 'PASSAGE_08940', 'PASSAGE_10066', 'PASSAGE_04156', 'PASSAGE_23193', 'PASSAGE_23100', 'PASSAGE_23099', 'PASSAGE_09224']","{'PASSAGE_22748': ['msbert'], 'PASSAGE_22466': ['bge_m3'], 'PASSAGE_08940': ['msbert'], 'PASSAGE_10066': ['bge_m3'], 'PASSAGE_04156': ['msbert'], 'PASSAGE_23193': ['bge_m3'], 'PASSAGE_23100': ['legal_bert'], 'PASSAGE_23099': ['msbert'], 'PASSAGE_09224': ['bge_m3']}",train
Q_127,Pwede bang managot yung boyfriend ko na palagi akong minumura at binabantaan na sasaktan ako?,Tagalog,Case-Law,['PASSAGE_27670'],{'PASSAGE_27670': ['msbert']},train
Q_128,"Yung kaibigan ko binubugbog ng asawa nya, ano pwede ko gawin?",Tagalog,Case-Law,"['PASSAGE_16617', 'PASSAGE_11660', 'PASSAGE_27670', 'PASSAGE_10059']","{'PASSAGE_16617': ['bge_m3'], 'PASSAGE_11660': ['bge_m3'], 'PASSAGE_27670': ['msbert'], 'PASSAGE_10059': ['bge_m3']}",train
Q_129,Pwede ko ba kasuhan katrabaho ko na may matagal nang utang sa akin kahit ang pruweba ko lang ay mga text namin?,Tagalog,Case-Law,"['PASSAGE_16825', 'PASSAGE_10102', 'PASSAGE_16820']","{'PASSAGE_16825': ['bge_m3'], 'PASSAGE_10102': ['bge_m3'], 'PASSAGE_16820': ['bge_m3']}",train
Q_130,Counted ba as theft yung kumukuha ng pera yung asawa ko nang palihim sa shared savings namin?,Tagalog,Definitional,"['PASSAGE_22702', 'PASSAGE_07618']","{'PASSAGE_22702': ['bge_m3'], 'PASSAGE_07618': ['bge_m3']}",train
Q_131,What do I do kapag binibisita pa rin ako ng ex ko even when I told him to stay away?,Tagalog,Procedural,"['PASSAGE_11633', 'PASSAGE_05506', 'PASSAGE_12464', 'PASSAGE_26433']","{'PASSAGE_11633': ['msbert'], 'PASSAGE_05506': ['bge_m3'], 'PASSAGE_12464': ['legal_bert'], 'PASSAGE_26433': ['msbert']}",train
Q_132,"Naghiwalay na kami ng asawa ko pero ayaw nya ibigay sakin yung share ko sa savings namin and other assets na dapat para sa akin, ano ang pwede ko ikaso sa kanya?",Tagalog,Definitional,"['PASSAGE_04796', 'PASSAGE_05209', 'PASSAGE_18685']","{'PASSAGE_04796': ['bge_m3'], 'PASSAGE_05209': ['bge_m3'], 'PASSAGE_18685': ['bge_m3']}",train
Q_133,RA 9262 explanation,English,Case-Law,[],{},train
Q_134,Law against defamation,English,Definitional,"['PASSAGE_13083', 'PASSAGE_22553', 'PASSAGE_13113', 'PASSAGE_09582', 'PASSAGE_13079']","{'PASSAGE_13083': ['msbert'], 'PASSAGE_22553': ['bge_m3'], 'PASSAGE_13113': ['msbert', 'bge_m3'], 'PASSAGE_09582': ['bge_m3'], 'PASSAGE_13079': ['msbert']}",train
Q_135,What is the law on custody of children under the family law?,English,Definitional,"['PASSAGE_18329', 'PASSAGE_18328', 'PASSAGE_18330', 'PASSAGE_18327', 'PASSAGE_06971']","{'PASSAGE_18329': ['msbert', 'bge_m3'], 'PASSAGE_18328': ['msbert', 'bge_m3'], 'PASSAGE_18330': ['msbert'], 'PASSAGE_18327': ['bge_m3'], 'PASSAGE_06971': ['bge_m3']}",train
Q_136,Madedemanda ko ba kapatid ko kapag nasira nya yung gamit ko na di ko naman pinagamit sa kanya,Tagalog,Case-Law,[],{},train
Q_137,What are the consequences if a parent neglects to support a child?,English,Case-Law,"['PASSAGE_14785', 'PASSAGE_02493', 'PASSAGE_00223', 'PASSAGE_18330', 'PASSAGE_03694', 'PASSAGE_02494', 'PASSAGE_03693']","{'PASSAGE_14785': ['msbert'], 'PASSAGE_02493': ['msbert', 'bge_m3'], 'PASSAGE_00223': ['msbert', 'bge_m3'], 'PASSAGE_18330': ['msbert'], 'PASSAGE_03694': ['bge_m3'], 'PASSAGE_02494': ['msbert'], 'PASSAGE_03693': ['bge_m3']}",train
Q_138,Pwede bang idemanda ang partner mo kung sinisira niya yung personal things mo kapag nag-aaway kayo?,Tagalog,Case-Law,['PASSAGE_04796'],{'PASSAGE_04796': ['bge_m3']},test
Q_139,Pwede bang managot ang taong nagpakalat ng larawan mo nang walang consent?,Tagalog,Case-Law,['PASSAGE_12551'],{'PASSAGE_12551': ['bge_m3']},test
Q_140,What are the elements of grave threats?,English,Definitional,[],{},train
Q_141,law against identity theft?,English,Definitional,"['PASSAGE_12639', 'PASSAGE_17646', 'PASSAGE_25496']","{'PASSAGE_12639': ['msbert'], 'PASSAGE_17646': ['msbert'], 'PASSAGE_25496': ['msbert']}",train
Q_142,Ano yung legal basis ng support for illegitimate children?,Code-Switched,Case-Law,"['PASSAGE_23289', 'PASSAGE_00217', 'PASSAGE_17863', 'PASSAGE_00223']","{'PASSAGE_23289': ['bge_m3'], 'PASSAGE_00217': ['msbert'], 'PASSAGE_17863': ['bge_m3'], 'PASSAGE_00223': ['bge_m3']}",train
Q_143,Sakop ba ng VAWC kapag yung partner ko naninira ng gamit ko pag nag-aaway kami?,Tagalog,Definitional,[],{},train
Q_144,"May isang tao na pinapirma yung lola ko sa papel na hindi niya maintindihan tapos doon pala nailipat yung rights sa property, may habol ba kami?",Tagalog,Case-Law,"['PASSAGE_10232', 'PASSAGE_08389', 'PASSAGE_15297', 'PASSAGE_16541', 'PASSAGE_06710']","{'PASSAGE_10232': ['msbert'], 'PASSAGE_08389': ['bge_m3'], 'PASSAGE_15297': ['bge_m3'], 'PASSAGE_16541': ['bge_m3'], 'PASSAGE_06710': ['bge_m3']}",train
Q_145,"May isang co-owner na nagrerenta ng buong lupa kahit hindi pumayag yung iba, tapos siya lang ang tumatanggap ng bayad, paano ito tinatrato sa civil law?",Tagalog,Procedural,"['PASSAGE_24349', 'PASSAGE_13041', 'PASSAGE_13040', 'PASSAGE_06708']","{'PASSAGE_24349': ['bge_m3'], 'PASSAGE_13041': ['bge_m3'], 'PASSAGE_13040': ['bge_m3'], 'PASSAGE_06708': ['bge_m3']}",train
Q_146,penalty for slander?,Other,Definitional,[],{},train
Q_147,Pwede bang humingi ng support sa tatay na hindi nagbibigay sa anak?,Tagalog,Case-Law,"['PASSAGE_14787', 'PASSAGE_14785', 'PASSAGE_14786', 'PASSAGE_00214']","{'PASSAGE_14787': ['bge_m3'], 'PASSAGE_14785': ['bge_m3'], 'PASSAGE_14786': ['bge_m3'], 'PASSAGE_00214': ['bge_m3']}",train
Q_148,What is the legal effect of a fake signature on a deed?,English,Definitional,"['PASSAGE_12192', 'PASSAGE_19577', 'PASSAGE_13334', 'PASSAGE_13215']","{'PASSAGE_12192': ['msbert'], 'PASSAGE_19577': ['bge_m3'], 'PASSAGE_13334': ['msbert'], 'PASSAGE_13215': ['msbert']}",train
Q_149,Pwede bang pigilan ang isang tao na pumasok sa property mo?,Tagalog,Case-Law,"['PASSAGE_22181', 'PASSAGE_27363', 'PASSAGE_07921', 'PASSAGE_25114', 'PASSAGE_08670', 'PASSAGE_27365']","{'PASSAGE_22181': ['msbert'], 'PASSAGE_27363': ['bge_m3'], 'PASSAGE_07921': ['bge_m3'], 'PASSAGE_25114': ['bge_m3'], 'PASSAGE_08670': ['msbert'], 'PASSAGE_27365': ['bge_m3']}",train
Q_150,What can be done if a co-owner keeps all the rent from a shared property?,English,Case-Law,"['PASSAGE_24349', 'PASSAGE_24350', 'PASSAGE_24345']","{'PASSAGE_24349': ['bge_m3'], 'PASSAGE_24350': ['bge_m3'], 'PASSAGE_24345': ['bge_m3']}",train
Q_151,"Yung isang tao sa pamilya namin kinukuha yung mga gamit sa bahay at sinasabing kanya raw lahat dahil siya ang nagbabayad ng rent, ano ang rights naming ibang nakatira doon?",Tagalog,Definitional,"['PASSAGE_24349', 'PASSAGE_09470']","{'PASSAGE_24349': ['bge_m3'], 'PASSAGE_09470': ['bge_m3']}",train
Q_152,"Yung ex ko nag-post ng screenshots ng private messages namin at ginamit pa para siraan ako sa trabaho, may kaso ba kahit walang physical harm?",Tagalog,Case-Law,"['PASSAGE_16953', 'PASSAGE_12551']","{'PASSAGE_16953': ['bge_m3'], 'PASSAGE_12551': ['bge_m3']}",train
Q_153,"May tao na pumasok sa bakuran namin at kumuha ng gamit na hindi naman sa kanya, tapos sabi niya may utang daw kami sa kanya kaya kinuha niya, anong pwede naming gawin?",Tagalog,Case-Law,['PASSAGE_12636'],{'PASSAGE_12636': ['bge_m3']},test
Q_154,"Ayaw ibigay ng seller ang property kahit bayad na, ano pwede parusa?",Tagalog,Definitional,"['PASSAGE_19521', 'PASSAGE_26284']","{'PASSAGE_19521': ['bge_m3'], 'PASSAGE_26284': ['legal_bert', 'msbert']}",train
Q_155,"Pinagbabantaan ako na kukunin ang anak ko, ano dapat ko gawin?",Tagalog,Case-Law,"['PASSAGE_27670', 'PASSAGE_11696']","{'PASSAGE_27670': ['msbert'], 'PASSAGE_11696': ['bge_m3']}",train
Q_156,Ano ang slander at anong law yun,Tagalog,Definitional,"['PASSAGE_14021', 'PASSAGE_26922', 'PASSAGE_13959']","{'PASSAGE_14021': ['msbert'], 'PASSAGE_26922': ['bge_m3'], 'PASSAGE_13959': ['bge_m3']}",train
Q_157,Para saan pagfifile ng restraining order?,Tagalog,Procedural,"['PASSAGE_15195', 'PASSAGE_15191', 'PASSAGE_13897', 'PASSAGE_20853']","{'PASSAGE_15195': ['bge_m3'], 'PASSAGE_15191': ['bge_m3'], 'PASSAGE_13897': ['bge_m3'], 'PASSAGE_20853': ['bge_m3']}",train
Q_158,What if a spouse disappears and leaves debts?,English,Case-Law,"['PASSAGE_09146', 'PASSAGE_07100', 'PASSAGE_09222']","{'PASSAGE_09146': ['msbert', 'bge_m3'], 'PASSAGE_07100': ['msbert'], 'PASSAGE_09222': ['bge_m3']}",test
Q_159,Pwede bang bawiin ang pirma sa kasunduan?,Tagalog,Case-Law,['PASSAGE_06180'],{'PASSAGE_06180': ['legal_bert']},train
Q_160,What if a parent blocks access to a child?,English,Case-Law,"['PASSAGE_18326', 'PASSAGE_23077', 'PASSAGE_18328', 'PASSAGE_19896', 'PASSAGE_18330']","{'PASSAGE_18326': ['bge_m3'], 'PASSAGE_23077': ['legal_bert'], 'PASSAGE_18328': ['msbert'], 'PASSAGE_19896': ['bge_m3'], 'PASSAGE_18330': ['msbert']}",train
Q_161,"May kakilala ako na hindi na pinapayagan ng asawa niya makita yung anak nila at binabantaan pa siyang padadalhan ng pulis kapag sinubukan nya, anong ikakaso?",Tagalog,Case-Law,[],{},train
Q_162,"Yung tatay ng bata, biglang nawala at ayaw nang magbigay ng kahit anong help, pero may messages sila na nag-uusap tungkol sa support, puwede ba iyon gamiting ebidensya?",Tagalog,Case-Law,"['PASSAGE_06290', 'PASSAGE_10150']","{'PASSAGE_06290': ['bge_m3'], 'PASSAGE_10150': ['msbert']}",train
Q_163,"May tao na nagpakalat ng edited screenshots para palabasing may utang ako sa kanya, tapos ginamit niya iyon para takutin akong magbayad, ano ang puwede kong gawin?",Tagalog,Definitional,"['PASSAGE_10961', 'PASSAGE_12307', 'PASSAGE_13075']","{'PASSAGE_10961': ['bge_m3'], 'PASSAGE_12307': ['bge_m3'], 'PASSAGE_13075': ['bge_m3']}",train
Q_164,Pwede bang magreklamo kung may nagbanta sa text?,Tagalog,Procedural,"['PASSAGE_27670', 'PASSAGE_16773', 'PASSAGE_10232', 'PASSAGE_27669']","{'PASSAGE_27670': ['msbert'], 'PASSAGE_16773': ['msbert'], 'PASSAGE_10232': ['msbert'], 'PASSAGE_27669': ['legal_bert']}",test
Q_165,Anong pwede ikaso sa falsification of documents?,English,Case-Law,"['PASSAGE_13760', 'PASSAGE_09092', 'PASSAGE_05556', 'PASSAGE_13742', 'PASSAGE_23976']","{'PASSAGE_13760': ['bge_m3'], 'PASSAGE_09092': ['bge_m3'], 'PASSAGE_05556': ['msbert'], 'PASSAGE_13742': ['bge_m3'], 'PASSAGE_23976': ['bge_m3']}",train
Q_166,"My ex-boyfriend is threatening me na i-le-leak niya raw mga private photos at videos namin sa Telegram group kapag hindi ako nakipagbalikan sa kanya. Takot na takot na ako, pwede ko ba siyang ipa-kulong sa VAWC or may ibang mas mabilis na batas para dito?",Tagalog,Case-Law,"['PASSAGE_27589', 'PASSAGE_12551']","{'PASSAGE_27589': ['msbert'], 'PASSAGE_12551': ['bge_m3']}",train
Q_167,"Yung asawa ko bigla na lang akong pinalayas sa bahay namin tapos dinala niya lahat ng passbook ng joint accounts namin at yung titulo ng lupa na nakapangalan sa aming dalawa. Pwede ko ba siyang kasuhan ng theft kahit mag-asawa kami, o counted ba 'to na abuse?",Tagalog,Definitional,"['PASSAGE_04796', 'PASSAGE_23861']","{'PASSAGE_04796': ['bge_m3'], 'PASSAGE_23861': ['bge_m3']}",test
Q_168,Pwede bang maging ground for legal separation kung nahuli ko yung asawa kong lalaki na may pamilya na pala sa ibang probinsya? Gusto ko na rin makuha yung full custody ng mga anak namin.,Tagalog,Case-Law,"['PASSAGE_23093', 'PASSAGE_06965', 'PASSAGE_18328', 'PASSAGE_18327', 'PASSAGE_23082']","{'PASSAGE_23093': ['bge_m3'], 'PASSAGE_06965': ['msbert'], 'PASSAGE_18328': ['msbert'], 'PASSAGE_18327': ['bge_m3'], 'PASSAGE_23082': ['bge_m3']}",train
Q_169,Valid ba yung pre-nuptial agreement na pinirmahan namin ng fiance ko bago kami ikasal kung ginawa lang namin sa papel at hindi naman dinala sa notaryo?,Tagalog,Case-Law,"['PASSAGE_15883', 'PASSAGE_15886']","{'PASSAGE_15883': ['bge_m3'], 'PASSAGE_15886': ['bge_m3']}",train
Q_170,"Nag-file kami ng case against sa driver na nakabangga sa amin pero sabi ng lawyer may jurisprudence raw tungkol sa ""temperate damages"", ano ba ibig sabihin nun.",Tagalog,Definitional,"['PASSAGE_11865', 'PASSAGE_18625']","{'PASSAGE_11865': ['bge_m3'], 'PASSAGE_18625': ['bge_m3']}",train
Q_171,"May nakita akong post sa FB na ginamit yung picture ko para manloko ng tao sa buy and sell group, tapos ang nakalagay dun scammer daw ako at magnanakaw. Sobrang daming nag-she-share at nag-mu-mura sa akin sa comments kahit hindi naman ako yun. Cyber-libel ba ito or identity theft, at ano ang pwede kong ikaso sa gumawa ng fake account?",Tagalog,Definitional,"['PASSAGE_13091', 'PASSAGE_26220']","{'PASSAGE_13091': ['bge_m3'], 'PASSAGE_26220': ['bge_m3']}",train
Q_172,"Hinarang ng mga pulis yung pinsan ko sa daan habang naglalakad, tapos pinilit nilang buksan yung sling bag niya kahit wala naman silang pinapakitang warrant. Bigla silang may ""nakitang"" maliit na sachet ng drugs sa loob. Pwede ba namin ma-question sa court na illegal search and seizure yung ginawa sa kanya para mabasura yung kaso?",Tagalog,Case-Law,"['PASSAGE_12005', 'PASSAGE_24276', 'PASSAGE_15152']","{'PASSAGE_12005': ['bge_m3'], 'PASSAGE_24276': ['bge_m3'], 'PASSAGE_15152': ['bge_m3']}",train
Q_173,Ano ang exact legal distinction ng homicide sa murder kapag walang planong pumatay pero may ginamit na patalim?,Tagalog,Definitional,"['PASSAGE_04600', 'PASSAGE_13382', 'PASSAGE_20049', 'PASSAGE_16656', 'PASSAGE_12276', 'PASSAGE_26776', 'PASSAGE_08979', 'PASSAGE_11055']","{'PASSAGE_04600': ['msbert'], 'PASSAGE_13382': ['bge_m3'], 'PASSAGE_20049': ['msbert'], 'PASSAGE_16656': ['bge_m3'], 'PASSAGE_12276': ['msbert'], 'PASSAGE_26776': ['bge_m3'], 'PASSAGE_08979': ['msbert'], 'PASSAGE_11055': ['bge_m3']}",test
Q_174,"Elements ng robbery with violence or intimidation, iba ba to sa simpleng pagnanakaw lang?",Tagalog,Definitional,"['PASSAGE_10003', 'PASSAGE_10002', 'PASSAGE_16810', 'PASSAGE_07617']","{'PASSAGE_10003': ['bge_m3'], 'PASSAGE_10002': ['bge_m3'], 'PASSAGE_16810': ['bge_m3'], 'PASSAGE_07617': ['bge_m3']}",train
Q_175,Pwede bang makasuhan ng trespassing yung may-ari ng lupa kung pumasok siya sa bahay ng tenant nang walang paalam habang may contract pa?,Tagalog,Case-Law,"['PASSAGE_14292', 'PASSAGE_05616', 'PASSAGE_02089']","{'PASSAGE_14292': ['bge_m3'], 'PASSAGE_05616': ['bge_m3'], 'PASSAGE_02089': ['bge_m3']}",train
Q_176,"Hiwalay na kami ng live-in partner ko for 2 years at may anak kaming isa. Ayaw niya magbigay ng kahit magkanong support sa bata kahit alam kong malaki ang sahod niya sa IT firm. Kapag humihingi ako, sinasabihan niya lang ako na mag-trabaho ako at huwag umasa sa kanya. Pwede ko ba siyang balikan at kasuhan ng economic abuse under VAWC para mapwersa siyang mag-sustento?",Tagalog,Case-Law,"['PASSAGE_17864', 'PASSAGE_14784', 'PASSAGE_14771']","{'PASSAGE_17864': ['bge_m3'], 'PASSAGE_14784': ['bge_m3'], 'PASSAGE_14771': ['bge_m3']}",train
Q_177,Sakop ba ng VAWC law ang magka-relasyon na parehong babae (lesbian relationship) kung may nagaganap na physical abuse?,Tagalog,Definitional,"['PASSAGE_15966', 'PASSAGE_04977', 'PASSAGE_19470']","{'PASSAGE_15966': ['msbert'], 'PASSAGE_04977': ['bge_m3'], 'PASSAGE_19470': ['bge_m3']}",train
Q_178,May naka-away akong driver sa daan kanina tapos hinabol niya ako hanggang sa makarating ako sa gas station. Bumaba siya ng sasakyan na may dalang baseball bat tapos pinagpupukpok niya yung windshield at hood ng kotse ko habang sumisigaw na papatayin niya raw ako. Anong gagawin ko?,Tagalog,Procedural,"['PASSAGE_22180', 'PASSAGE_08660', 'PASSAGE_11148', 'PASSAGE_19609', 'PASSAGE_08661']","{'PASSAGE_22180': ['bge_m3'], 'PASSAGE_08660': ['legal_bert'], 'PASSAGE_11148': ['msbert'], 'PASSAGE_19609': ['bge_m3'], 'PASSAGE_08661': ['legal_bert']}",test
Q_179,"Nag-post ako ng feedback sa isang group page tungkol sa palpak na service ng isang salon kasi nasunog yung buhok ko sa rebond. Ngayon, binabantaan ako nung owner na mag-dedemanda raw siya ng cyber-libel kung hindi ko buburahin yung post at mag-pa-public apology. May pananagutan ba ako sa batas kahit totoo naman yung sinabi ko at may pictures ako ng nasirang buhok ko?",Tagalog,Case-Law,"['PASSAGE_13082', 'PASSAGE_13117', 'PASSAGE_13085', 'PASSAGE_13087']","{'PASSAGE_13082': ['bge_m3'], 'PASSAGE_13117': ['bge_m3'], 'PASSAGE_13085': ['bge_m3'], 'PASSAGE_13087': ['bge_m3']}",train
Q_180,Nakukulong ba ang tao sa Pilipinas kapag nakasakit ng kapwa dahil sa self-defense lang?,Tagalog,Case-Law,['PASSAGE_13600'],{'PASSAGE_13600': ['bge_m3']},train
